-- $Id: data.sql,v 1.4 2003/05/29 04:01:39 robbat2 Exp $
-- MySQL dump 9.07
--
-- Host: localhost    Database: rats
---------------------------------------------------------
-- Server version	4.0.12-log

--
-- Current Database: rats
--

USE rats;

--
-- Dumping data for table 'Actions'
--

INSERT INTO Actions VALUES (0000000001,'aB',NULL,'Bookings','add'),(0000000002,'eB',NULL,'Bookings','edit'),(0000000003,'dB',NULL,'Bookings','delete'),(0000000004,'vB',NULL,'Bookings','view'),(0000000006,'eC',NULL,'CheckOuts','edit'),(0000000008,'vC',NULL,'CheckOuts','view'),(0000000009,NULL,NULL,'GroupActionMapping','add'),(0000000010,NULL,NULL,'GroupActionMapping','edit'),(0000000011,NULL,NULL,'GroupActionMapping','delete'),(0000000012,NULL,NULL,'GroupActionMapping','view'),(0000000013,'aG',NULL,'Groups','add'),(0000000014,'eG',NULL,'Groups','edit'),(0000000015,'dG',NULL,'Groups','delete'),(0000000016,'vG',NULL,'Groups','view'),(0000000017,'aV',NULL,'Vendors','add'),(0000000018,'eV',NULL,'Vendors','edit'),(0000000019,'dV',NULL,'Vendors','delete'),(0000000020,'vV',NULL,'Vendors','view'),(0000000021,'aN',NULL,'Notes','add'),(0000000022,'eN',NULL,'Notes','edit'),(0000000023,'dN',NULL,'Notes','delete'),(0000000024,'vN',NULL,'Notes','view'),(0000000025,'aO',NULL,'Objects','add'),(0000000026,'eO',NULL,'Objects','edit'),(0000000027,'dO',NULL,'Objects','delete'),(0000000028,'vO',NULL,'Objects','view'),(0000000029,'aOT',NULL,'ObjectTypes','add'),(0000000030,'eOT',NULL,'ObjectTypes','edit'),(0000000031,'dOT',NULL,'ObjectTypes','delete'),(0000000032,'vOT',NULL,'ObjectTypes','view'),(0000000033,'aP',NULL,'Purchases','add'),(0000000034,'eP',NULL,'Purchases','edit'),(0000000035,'dP',NULL,'Purchases','delete'),(0000000036,'vP',NULL,'Purchases','view'),(0000000037,'aU',NULL,'Users','add'),(0000000038,'eU',NULL,'Users','edit'),(0000000039,'dU',NULL,'Users','delete'),(0000000040,'vU',NULL,'Users','view'),(0000000041,'aUGM',NULL,'UserGroupMapping','add'),(0000000042,'eUGM',NULL,'UserGroupMapping','edit'),(0000000043,'dUGM',NULL,'UserGroupMapping','delete'),(0000000044,'vUGM',NULL,'UserGroupMapping','view'),(0000000045,NULL,NULL,'Actions','add'),(0000000046,NULL,NULL,'Actions','edit'),(0000000047,NULL,NULL,'Actions','delete'),(0000000048,NULL,NULL,'Actions','view'),(0000000049,NULL,NULL,'Transactions','add'),(0000000050,NULL,NULL,'Transactions','edit'),(0000000051,NULL,NULL,'Transactions','delete'),(0000000052,NULL,NULL,'Transactions','view'),(0000000053,'aC',NULL,'CheckOuts','add'),(0000000054,'dC',NULL,'CheckOuts','delete');

--
-- Dumping data for table 'Bookings'
--


--
-- Dumping data for table 'CheckOuts'
--

INSERT INTO CheckOuts VALUES (0000000026,0000000001,0000000004,20030507144335,'2003-05-21 14:43:35');

--
-- Dumping data for table 'GroupActionMapping'
--

INSERT INTO GroupActionMapping VALUES (0000000001,0000000004,0000000001),(0000000002,0000000008,0000000001),(0000000006,0000000020,0000000001),(0000000004,0000000024,0000000001),(0000000005,0000000028,0000000001),(0000000003,0000000032,0000000001),(0000000007,0000000005,0000000002),(0000000008,0000000007,0000000002),(0000000009,0000000012,0000000002),(0000000011,0000000016,0000000002),(0000000012,0000000036,0000000002),(0000000010,0000000040,0000000002),(0000000013,0000000044,0000000002),(0000000018,0000000001,0000000010),(0000000019,0000000002,0000000010),(0000000020,0000000003,0000000010),(0000000021,0000000004,0000000010),(0000000022,0000000006,0000000010),(0000000023,0000000008,0000000010),(0000000024,0000000009,0000000010),(0000000025,0000000010,0000000010),(0000000026,0000000011,0000000010),(0000000027,0000000012,0000000010),(0000000028,0000000013,0000000010),(0000000029,0000000014,0000000010),(0000000030,0000000015,0000000010),(0000000031,0000000016,0000000010),(0000000032,0000000017,0000000010),(0000000033,0000000018,0000000010),(0000000034,0000000019,0000000010),(0000000035,0000000020,0000000010),(0000000036,0000000021,0000000010),(0000000037,0000000022,0000000010),(0000000038,0000000023,0000000010),(0000000039,0000000024,0000000010),(0000000040,0000000025,0000000010),(0000000041,0000000026,0000000010),(0000000042,0000000027,0000000010),(0000000043,0000000028,0000000010),(0000000044,0000000029,0000000010),(0000000045,0000000030,0000000010),(0000000046,0000000031,0000000010),(0000000047,0000000032,0000000010),(0000000048,0000000033,0000000010),(0000000049,0000000034,0000000010),(0000000050,0000000035,0000000010),(0000000051,0000000036,0000000010),(0000000052,0000000037,0000000010),(0000000053,0000000038,0000000010),(0000000054,0000000039,0000000010),(0000000055,0000000040,0000000010),(0000000056,0000000041,0000000010),(0000000057,0000000042,0000000010),(0000000058,0000000043,0000000010),(0000000059,0000000044,0000000010),(0000000014,0000000045,0000000010),(0000000015,0000000046,0000000010),(0000000016,0000000047,0000000010),(0000000017,0000000048,0000000010),(0000000060,0000000049,0000000010),(0000000061,0000000050,0000000010),(0000000062,0000000051,0000000010),(0000000063,0000000052,0000000010),(0000000064,0000000053,0000000010),(0000000065,0000000054,0000000010);

--
-- Dumping data for table 'Groups'
--

INSERT INTO Groups VALUES (0000000001,'Anonymous users'),(0000000009,'Notes administrators'),(0000000004,'Object administrators'),(0000000005,'ObjectType administrators'),(0000000007,'Permissions administrators'),(0000000003,'Power users'),(0000000010,'Super Administrators'),(0000000008,'Transactions viewers'),(0000000006,'User administrators'),(0000000002,'Users');

--
-- Dumping data for table 'Notes'
--


--
-- Dumping data for table 'ObjectTypes'
--

INSERT INTO ObjectTypes VALUES (0000000001,1,'Test Object Type','Foo','Testing','special','softest','0000-00-14 00:00:00'),(0000000002,3,'CrystalEyes Shutter Glasses IR Emitter','E-2','IR Emitter','equipment','soft','0000-00-14 00:00:00');

--
-- Dumping data for table 'Objects'
--

INSERT INTO Objects VALUES (0000000001,39345000001002,'',NULL,1,0000000000,NULL,'NA'),(0000000002,39345000001010,'Test',NULL,1,0000000000,NULL,'NA'),(0000000004,39345000001028,'IR Emitter',NULL,2,0000000001,NULL,'NA');

--
-- Dumping data for table 'Purchases'
--

INSERT INTO Purchases VALUES (0000000001,'Stereographics:\r\ninvoice #: 0030465-IN\r\ninvoice date: 03/20/2003\r\norder #: 0020396\r\norder date: 03/19/2003\r\nsalesperson: MLH\r\ncustomer #: SFUSURR\r\n\r\n',3);

--
-- Dumping data for table 'Transactions'
--

INSERT INTO Transactions VALUES (0000000031,0000000000,0000000019,20030507120902,0000000000),(0000000032,0000000000,0000000000,20030507121021,0000000000),(0000000033,0000000000,0000000020,20030507121147,0000000000),(0000000034,0000000000,0000000000,20030507121729,0000000000),(0000000035,0000000000,0000000021,20030507121833,0000000000),(0000000036,0000000000,0000000000,20030507121951,0000000000),(0000000037,0000000000,0000000022,20030507122044,0000000000),(0000000038,0000000000,0000000000,20030507122151,0000000000),(0000000039,0000000000,0000000023,20030507125502,0000000000),(0000000040,0000000000,0000000000,20030507141613,0000000000),(0000000041,0000000000,0000000024,20030507143030,0000000000),(0000000042,0000000000,0000000000,20030507143055,0000000000),(0000000043,0000000000,0000000025,20030507143620,0000000000),(0000000044,0000000000,0000000000,20030507144335,0000000000);

--
-- Dumping data for table 'UserGroupMapping'
--

INSERT INTO UserGroupMapping VALUES (0000000001,1,1),(0000000005,1,10),(0000000002,2,1),(0000000003,3,1);

--
-- Dumping data for table 'Users'
--

INSERT INTO Users VALUES (0000000001,29345003857006,'rjohnsob@sfu.ca','chinook'),(0000000002,29345003868516,'sluggett@sfu.ca','in_charge!'),(0000000003,29345003876956,'gordp@sfu.ca','cruiser');

--
-- Dumping data for table 'Vendors'
--

INSERT INTO Vendors VALUES (0000000001,'Silicon Graphics Interactive','1600 Amphitheatre Parkway\r\nMountain View, CA \r\n94043\r\nUSA'),(0000000002,'Microsoft Canada Co.','1950 Meadowvale Blvd\r\nMississauga, Ontario\r\nL5N 8L9\r\n\r\nCanadian Head Office: (905) 568-0434\r\nCustomer Inquiries: (877) 568-2495\r\nMicrosoft TT/TDD: (905) 568-9641\r\nMicrosoft Order Centre: (800) 933-4750\r\n\r\n\r\n'),(0000000003,'StereoGraphics Corporation','2171 East Francisco Blvd.\r\nSan Rafael, CA 94901\r\n(415) 459-4500'),(0000000004,'ATOP Computer','10083 136A St.\r\nSurrey, BC V3T 4G1\r\nhttp://www.atoponline.com/\r\nPhone: (604) 930-4838\r\nFax: 604-930-4848');

